,Gold_Force,Force_Marker,Gold_Marker
count,89.0,89.0,89.0
mean,0.7191011235955056,1.146067415730337,1.550561797752809
std,0.8917394142010503,1.0718565223454033,1.1181481845510968
min,0.0,0.0,0.0
25%,0.0,0.0,1.0
50%,1.0,1.0,1.0
75%,1.0,2.0,2.0
max,4.0,4.0,4.0
