,Gold_Force,Force_Marker,Gold_Marker
count,2.0,2.0,2.0
mean,1.0,0.5,0.5
std,0.0,0.7071067811865476,0.7071067811865476
min,1.0,0.0,0.0
25%,1.0,0.25,0.25
50%,1.0,0.5,0.5
75%,1.0,0.75,0.75
max,1.0,1.0,1.0
