,Gold_Force,Force_Marker,Gold_Marker
count,2.0,2.0,2.0
mean,1.5,2.0,0.5
std,0.7071067811865476,1.4142135623730951,0.7071067811865476
min,1.0,1.0,0.0
25%,1.25,1.5,0.25
50%,1.5,2.0,0.5
75%,1.75,2.5,0.75
max,2.0,3.0,1.0
