,Gold_Force,Force_Marker,Gold_Marker
count,671.0,671.0,671.0
mean,0.6318926974664679,1.5618479880774963,1.3859910581222057
std,0.8376205605131446,1.3489538835123167,1.183864350303667
min,0.0,0.0,0.0
25%,0.0,0.5,0.0
50%,0.0,1.0,1.0
75%,1.0,2.0,2.0
max,8.0,8.0,6.0
