,Gold_Force,Force_Marker,Gold_Marker
count,2.0,2.0,2.0
mean,0.5,1.0,0.5
std,0.7071067811865476,0.0,0.7071067811865476
min,0.0,1.0,0.0
25%,0.25,1.0,0.25
50%,0.5,1.0,0.5
75%,0.75,1.0,0.75
max,1.0,1.0,1.0
