,Gold_Force,Force_Marker,Gold_Marker
count,697.0,697.0,697.0
mean,0.6872309899569584,1.7417503586800573,1.5538020086083213
std,1.3507215801504837,1.9569780335498317,1.5219809123391448
min,0.0,0.0,0.0
25%,0.0,1.0,1.0
50%,0.0,1.0,1.0
75%,1.0,3.0,2.0
max,27.0,26.0,21.0
