,Gold_Force,Force_Marker,Gold_Marker
count,664.0,664.0,664.0
mean,0.7966867469879518,1.283132530120482,1.1852409638554218
std,0.8766733285279631,1.0782164231308686,1.0024219249420374
min,0.0,0.0,0.0
25%,0.0,1.0,0.0
50%,1.0,1.0,1.0
75%,1.0,2.0,2.0
max,6.0,7.0,5.0
