,Gold_Force,Force_Marker,Gold_Marker
count,688.0,688.0,688.0
mean,0.8066860465116279,1.2936046511627908,1.1758720930232558
std,0.8941742909358692,1.0876385357159148,0.9976095714148079
min,0.0,0.0,0.0
25%,0.0,1.0,0.0
50%,1.0,1.0,1.0
75%,1.0,2.0,2.0
max,6.0,7.0,5.0
